sequence,time_s,rtt_ms,status
1,0.0010304999887011945,1.928,ok
2,0.1004790999868419,1.453,ok
3,0.20053179998649284,0.944,ok
4,0.3002658000041265,0.737,ok
5,0.40060059999814257,1.167,ok
6,0.5004035999882035,1.018,ok
7,0.6002682999824174,0.943,ok
8,0.7009502000000793,1.139,ok
9,0.8002963000035379,1.110,ok
10,0.900498900009552,1.066,ok
11,1.0005590000073425,0.923,ok
12,1.1008005999901798,1.198,ok
13,1.2006588999938685,0.875,ok
14,1.3003623000113294,0.926,ok
15,1.4003609000064898,0.901,ok
16,1.5004053000011481,0.869,ok
17,1.6001421000109985,0.840,ok
18,1.700411099998746,1.116,ok
19,1.800521299999673,1.026,ok
20,1.9003483999986202,0.936,ok
21,2.000233600003412,0.848,ok
22,2.100293800001964,0.863,ok
23,2.200398099987069,0.834,ok
24,2.3005887999897823,0.797,ok
25,2.4002278999832924,0.971,ok
26,2.5004896000027657,1.099,ok
27,2.6004019000101835,0.875,ok
28,2.7001371000078507,0.892,ok
29,2.8005588999949396,0.788,ok
30,2.900419099983992,0.972,ok
31,3.000293999997666,0.980,ok
32,3.100576299999375,0.947,ok
33,3.2000904000015,0.869,ok
34,3.3004428999847732,0.984,ok
35,3.400665299996035,1.556,ok
36,3.501031299994793,1.181,ok
37,3.600176100007957,1.224,ok
38,3.7005171999917366,1.174,ok
39,3.800904800009448,1.233,ok
40,3.900365499983309,1.099,ok
41,4.000693000009051,1.398,ok
42,4.100489300006302,0.896,ok
43,4.200733600009698,0.757,ok
44,4.300445700006094,0.800,ok
45,4.400120100006461,1.010,ok
46,4.500389299995732,1.068,ok
47,4.6005804000014905,1.081,ok
48,4.700486199988518,0.883,ok
49,4.800418900005752,1.237,ok
50,4.900545299984515,0.872,ok
51,5.000679399992805,1.389,ok
52,5.1004789999860805,1.249,ok
53,5.20048769999994,0.877,ok
54,5.3001330999832135,0.951,ok
55,5.400392599985935,1.297,ok
56,5.500233099999605,0.846,ok
57,5.600731499987887,1.233,ok
58,5.701364599983208,1.181,ok
59,5.800554799992824,1.220,ok
60,5.900453200010816,0.852,ok
61,6.0006434000097215,1.117,ok
62,6.100433799991151,1.103,ok
63,6.200531200011028,1.272,ok
64,6.300203399994643,0.915,ok
65,6.4003302000055555,1.281,ok
66,6.500260000000708,0.778,ok
67,6.600821100000758,1.152,ok
68,6.700463899993338,1.520,ok
69,6.800250800006324,0.948,ok
70,6.900625200010836,1.027,ok
71,7.00054999999702,0.931,ok
72,7.100806700007524,1.058,ok
73,7.200404200004414,0.880,ok
74,7.300557399983518,0.932,ok
75,7.400378699996509,1.083,ok
76,7.500483299983898,0.859,ok
77,7.600754799990682,1.311,ok
78,7.700532799994107,1.251,ok
79,7.800568799983012,0.819,ok
80,7.900581800000509,0.941,ok
81,8.000884899985977,1.068,ok
82,8.100643299985677,1.063,ok
83,8.20055459998548,1.328,ok
84,8.300364199996693,1.228,ok
85,8.400425300002098,0.864,ok
86,8.500478500005556,2.087,ok
87,8.600509000010788,0.923,ok
88,8.70060049998574,1.048,ok
89,8.800281500007259,0.870,ok
90,8.900124500010861,0.873,ok
91,9.000446099991677,1.062,ok
92,9.100173799990444,1.193,ok
93,9.200240500009386,1.076,ok
94,9.300488699984271,0.902,ok
95,9.400212599983206,0.898,ok
96,9.500530999997864,0.877,ok
97,9.60061449999921,0.786,ok
98,9.700224900007015,1.214,ok
99,9.800446000008378,0.878,ok
100,9.900689700007206,0.955,ok
101,10.000382600002922,1.007,ok
102,10.10029349999968,1.014,ok
103,10.200165599992033,0.897,ok
104,10.300235400005477,1.059,ok
105,10.40038179999101,1.203,ok
106,10.500359400000889,1.284,ok
107,10.600289299996803,1.068,ok
108,10.700646299985237,1.404,ok
109,10.800310699996771,1.060,ok
110,10.900715199997649,1.393,ok
111,11.000162299984368,1.105,ok
112,11.100192499987315,0.901,ok
113,11.200215999997454,0.844,ok
114,11.300608299992746,1.027,ok
115,11.40042610000819,1.567,ok
116,11.500361199985491,1.035,ok
117,11.600605499988887,1.127,ok
118,11.700638899987098,1.123,ok
119,11.800129699986428,0.788,ok
120,11.900927599985152,1.227,ok
121,12.0003766999871,0.934,ok
122,12.100350699998671,0.839,ok
123,12.200239600002533,0.831,ok
124,12.300393999990774,1.017,ok
125,12.40052639998612,0.798,ok
126,12.500365099986084,0.919,ok
127,12.600526800000807,0.966,ok
128,12.700287399988156,1.390,ok
129,12.800143500004197,0.937,ok
130,12.900223000004189,1.216,ok
131,13.000598699989496,1.033,ok
132,13.10044020001078,0.824,ok
133,13.200248100009048,1.035,ok
134,13.300287999998545,1.251,ok
135,13.40014769998379,0.896,ok
136,13.500300499988953,1.239,ok
137,13.600402999989456,1.138,ok
138,13.700536399992416,0.859,ok
139,13.800571800005855,1.238,ok
140,13.900327999988804,1.157,ok
141,14.000632299983408,1.048,ok
142,14.100181499990867,0.871,ok
143,14.2006137999997,0.821,ok
144,14.300264199991943,0.821,ok
145,14.400562900002114,0.822,ok
146,14.500493800005643,1.035,ok
147,14.600639299984323,0.810,ok
148,14.700118200009456,0.871,ok
149,14.800508999993326,0.808,ok
150,14.900417600001674,1.029,ok
151,15.000153000000864,0.852,ok
152,15.100597399985418,0.838,ok
153,15.200251500005834,0.924,ok
154,15.30060119999689,1.064,ok
155,15.400522599986289,0.816,ok
156,15.500090799992904,0.903,ok
157,15.600288199988427,1.390,ok
158,15.700325099984184,1.216,ok
159,15.807809499994619,4.361,ok
160,15.900683299987577,1.152,ok
161,16.000583599990932,1.259,ok
162,16.100581200007582,1.240,ok
163,16.200400100002298,0.866,ok
164,16.30037720000837,0.895,ok
165,16.40044040000066,0.951,ok
166,16.500281599990558,0.945,ok
167,16.600664600002347,0.952,ok
168,16.700202400010312,0.915,ok
169,16.800126499991165,0.918,ok
170,16.900588799995603,0.888,ok
171,17.00048560000141,0.998,ok
172,17.100379199982854,0.868,ok
173,17.203550200007157,2.368,ok
174,17.300235500006238,1.019,ok
175,17.401076000009198,0.997,ok
176,17.500435299996752,1.239,ok
177,17.600173999991966,1.534,ok
178,17.700339100003475,1.247,ok
179,17.800504399987403,1.138,ok
180,17.90061459998833,1.418,ok
181,18.00045150000369,1.160,ok
182,18.100409500009846,0.983,ok
183,18.20040929998504,1.414,ok
184,18.30106589998468,1.569,ok
185,18.40048189999652,1.111,ok
186,18.50029930000892,0.971,ok
187,18.600376099988353,0.978,ok
188,18.700291799992556,0.839,ok
189,18.800549000006868,0.752,ok
190,18.90081769999233,1.465,ok
191,19.000250799988862,0.929,ok
192,19.10031449998496,0.900,ok
193,19.200575599999866,1.337,ok
194,19.30052260000957,1.168,ok
195,19.400489699997706,0.940,ok
196,19.500848499999847,1.195,ok
197,19.60052639999776,0.972,ok
198,19.70022629998857,0.876,ok
199,19.800634299986996,1.026,ok
200,19.90021729998989,0.969,ok
201,20.000335299992003,1.153,ok
202,20.100806100002956,1.039,ok
203,20.200454000005266,1.435,ok
204,20.300554399989778,1.132,ok
205,20.400605100003304,1.377,ok
206,20.500270899996394,0.977,ok
207,20.600174699997297,,timeout
208,20.70018970000092,1.360,ok
209,20.88775870000245,,timeout
210,20.921311499987496,2.899,ok
211,21.00018689999706,1.126,ok
212,21.10035299998708,,timeout
213,21.200446400005603,0.949,ok
214,21.300209300010465,0.958,ok
215,21.40026520000538,,timeout
216,21.50024080000003,0.994,ok
217,21.600207100011175,0.983,ok
218,21.700493000011193,0.823,ok
219,21.800523599988082,0.879,ok
220,21.900983300001826,1.149,ok
221,22.001007599988952,1.384,ok
222,22.1005989999976,1.175,ok
223,22.200433799996972,,timeout
224,22.300222299993038,1.092,ok
225,22.40047809999669,1.250,ok
226,22.500617399986368,0.970,ok
227,22.600202500005253,1.458,ok
228,22.700398599990876,0.893,ok
229,22.800462999992305,,timeout
230,22.900401599996258,1.116,ok
231,23.000528000004124,1.345,ok
232,23.100157200009562,1.502,ok
233,23.201210200000787,1.106,ok
234,23.300122099986766,1.159,ok
235,23.400454599992372,0.883,ok
236,23.50018080000882,1.010,ok
237,23.600417000008747,,timeout
238,23.70043810000061,0.917,ok
239,23.800781400001142,1.254,ok
240,23.900315200007753,0.961,ok
241,24.000296099984553,1.612,ok
242,24.100432300008833,,timeout
243,24.200202000007266,,timeout
244,24.300561499985633,0.951,ok
245,24.400304200011306,1.031,ok
246,24.50037729999167,0.921,ok
247,24.60054789998685,0.957,ok
248,24.7004789999919,1.014,ok
249,24.80035430000862,1.016,ok
250,24.9003631999949,,timeout
251,25.000226300006034,0.968,ok
252,25.100493000005372,0.977,ok
253,25.20056789999944,1.347,ok
254,25.300203999999212,1.190,ok
255,25.40057369999704,,timeout
256,25.500284300011117,1.124,ok
257,25.600291000009747,1.267,ok
258,25.700811299990164,1.337,ok
259,25.800304300006246,,timeout
260,25.900608900003135,1.268,ok
261,26.00051379998331,,timeout
262,26.10022220000974,0.996,ok
263,26.200383699993836,0.831,ok
264,26.300675799982855,0.936,ok
265,26.40086369999335,1.100,ok
266,26.500400099990657,1.314,ok
267,26.600583699997514,0.937,ok
268,26.70013559999643,1.372,ok
269,26.80053290000069,1.338,ok
270,26.900807700003497,1.220,ok
271,27.000284999987343,1.182,ok
272,27.10089999999036,0.802,ok
273,27.20037529998808,,timeout
274,27.30039749998832,0.861,ok
275,27.40053149999585,1.356,ok
276,27.500383500009775,1.315,ok
277,27.600493999983883,0.899,ok
278,27.70010759998695,0.947,ok
279,27.80029059998924,0.946,ok
280,27.900920899992343,1.092,ok
281,28.000341200007824,1.323,ok
282,28.10044310000376,1.176,ok
283,28.200536199990893,1.314,ok
284,28.300319000001764,0.789,ok
285,28.40049219998764,1.442,ok
286,28.50058029999491,1.343,ok
287,28.60022249998292,,timeout
288,28.7003868999891,,timeout
289,28.800656400009757,1.268,ok
290,28.900490100000752,1.270,ok
291,29.000434299989138,0.804,ok
292,29.10019430000102,1.149,ok
293,29.200332300009904,0.951,ok
294,29.300425199995516,1.237,ok
295,29.400755599985132,1.297,ok
296,29.50022029998945,0.940,ok
297,29.6004729999986,1.046,ok
298,29.700806999986526,1.237,ok
299,29.800228699983563,1.035,ok
300,29.902755499992054,8.469,ok
301,30.00085169999511,1.200,ok
302,30.10060859998339,1.009,ok
303,30.200199699989753,0.812,ok
304,30.30034990000422,1.031,ok
305,30.400138099998003,0.939,ok
306,30.500502100010635,0.964,ok
307,30.600336700008484,1.184,ok
308,30.700822999991942,1.152,ok
309,30.800363799993647,0.905,ok
310,30.90009499998996,0.745,ok
311,31.000097099982668,0.828,ok
312,31.100131099985447,0.843,ok
313,31.200204900000244,0.887,ok
314,31.300441500003217,1.091,ok
315,31.400393799995072,0.926,ok
316,31.500228099990636,1.081,ok
317,31.600173399987398,1.004,ok
318,31.700483499997063,0.970,ok
319,31.800268199993297,,timeout
320,31.90027819998795,1.043,ok
321,32.00055070000235,1.237,ok
322,32.10032170001068,,timeout
323,32.20027870000922,1.020,ok
324,32.3006017000007,0.978,ok
325,32.400089200004004,,timeout
326,32.50070060000871,1.830,ok
327,32.60011470000609,1.187,ok
328,32.700408100005006,1.470,ok
329,32.80020810000133,1.401,ok
330,32.900187299994286,1.100,ok
331,33.00054859998636,,timeout
332,33.10025069999392,1.370,ok
333,33.20025100000203,0.876,ok
334,33.30026960000396,1.039,ok
335,33.400602499983506,1.360,ok
336,33.50020249999943,1.025,ok
337,33.60059539999929,1.362,ok
338,33.700355599983595,0.938,ok
339,33.80045310000423,1.204,ok
340,33.90039739999338,1.280,ok
341,34.00035220000427,1.392,ok
342,34.10056059999624,1.319,ok
343,34.20046359999105,1.148,ok
344,34.30014859998482,1.275,ok
345,34.40023349999683,1.491,ok
346,34.50056439999025,1.290,ok
347,34.601665800000774,1.922,ok
348,34.700560800003586,1.428,ok
349,34.800637999986066,1.420,ok
350,34.90052460000152,0.986,ok
351,35.00058980000904,1.372,ok
352,35.10050649999175,1.666,ok
353,35.2006093999953,0.988,ok
354,35.30030999999144,0.848,ok
355,35.400118299992755,0.953,ok
356,35.500167899997905,1.184,ok
357,35.600240400002804,1.236,ok
358,35.700503600004595,1.296,ok
359,35.800205500010634,1.049,ok
360,35.90063839999493,1.084,ok
361,36.0001273000089,1.102,ok
362,36.10037480000756,1.042,ok
363,36.20015349998721,1.137,ok
364,36.30017299999599,0.986,ok
365,36.40008439999656,1.030,ok
366,36.5005220999883,0.960,ok
367,36.60041129999445,0.983,ok
368,36.70047529999283,1.105,ok
369,36.80023550000624,1.092,ok
370,36.90026590001071,0.977,ok
371,37.00042309999117,1.070,ok
372,37.100234799989266,1.364,ok
373,37.20057449999149,,timeout
374,37.300369500007946,1.128,ok
375,37.4005826000066,1.048,ok
376,37.500302700005705,0.966,ok
377,37.600611800007755,1.029,ok
378,37.70049300001119,1.154,ok
379,37.80024859998957,1.199,ok
380,37.90011499999673,1.294,ok
381,38.0002533000079,1.123,ok
382,38.10021810000762,0.998,ok
383,38.20038530000602,1.028,ok
384,38.30039379998925,2.780,ok
385,38.40031979998457,,timeout
386,38.50050860000192,1.052,ok
387,38.60059980000369,1.147,ok
388,38.70011400000658,1.063,ok
389,38.80015940000885,1.043,ok
390,38.90031649998855,1.068,ok
391,39.00054239999736,0.948,ok
392,39.10033939999994,1.034,ok
393,39.20019639999373,1.127,ok
394,39.30039940000279,1.112,ok
395,39.400348800001666,,timeout
396,39.50055979998433,1.028,ok
397,39.600153899984434,,timeout
398,39.70046799999545,1.053,ok
399,39.80025840000599,,timeout
400,39.90102160000242,1.123,ok
401,40.00045089999912,1.415,ok
402,40.100224199995864,1.453,ok
403,40.20033059999696,1.244,ok
404,40.30047329998342,0.878,ok
405,40.40032759998576,0.875,ok
406,40.50029809999978,1.287,ok
407,40.60024810000323,0.977,ok
408,40.70064359999378,1.353,ok
409,40.80103830000735,1.348,ok
410,40.90035589999752,1.181,ok
411,41.00021100000595,1.484,ok
412,41.100510499993106,1.005,ok
413,41.20033009999315,1.507,ok
414,41.300284900004044,1.285,ok
415,41.400250100006815,0.900,ok
416,41.50015420001,0.824,ok
417,41.60024759999942,0.941,ok
418,41.70029899998917,1.011,ok
419,41.80057940000552,1.145,ok
420,41.90042240000912,1.388,ok
421,42.00054139998974,0.984,ok
422,42.10047820000909,1.058,ok
423,42.2002714999835,1.257,ok
424,42.300179199984996,0.776,ok
425,42.40018969998346,1.089,ok
426,42.50037409999641,1.243,ok
427,42.60044539999217,1.106,ok
428,42.70047599999816,1.262,ok
429,42.800102799985325,1.096,ok
430,42.9001556999865,1.190,ok
431,43.000743999989936,1.149,ok
432,43.10048970000935,1.258,ok
433,43.200359000009485,1.179,ok
434,43.300576200010255,1.089,ok
435,43.4002873999998,1.224,ok
436,43.50060559998383,1.059,ok
437,43.60060149998753,0.965,ok
438,43.70027939998545,1.150,ok
439,43.80058250000002,1.023,ok
440,43.900357600010466,1.041,ok
441,44.00012899999274,1.097,ok
442,44.10051899999962,0.930,ok
443,44.2006080999854,1.132,ok
444,44.30061839998234,1.415,ok
445,44.400450999994064,1.179,ok
446,44.50044770000386,0.969,ok
447,44.60011279999162,0.992,ok
448,44.700801600003615,1.113,ok
449,44.800528799998574,0.910,ok
450,44.90055230000871,1.007,ok
451,45.000703700003214,1.258,ok
452,45.10030150000239,1.053,ok
453,45.200551299989456,0.851,ok
454,45.30038559998502,0.970,ok
455,45.400488999992376,1.073,ok
456,45.500270299991826,0.854,ok
457,45.60044049998396,1.133,ok
458,45.70014169998467,1.003,ok
459,45.80079370000749,1.354,ok
460,45.900351699994644,0.809,ok
461,46.000236199994106,0.980,ok
462,46.10049340000842,1.004,ok
463,46.20042089998606,0.799,ok
464,46.30037640000228,0.981,ok
465,46.40012589999242,0.843,ok
466,46.50017789998674,0.863,ok
467,46.60050949998549,1.590,ok
468,46.700141100009205,0.905,ok
469,46.80043519998435,0.952,ok
470,46.90050479999627,1.024,ok
471,47.00022329998319,1.199,ok
472,47.10043759999098,0.830,ok
473,47.20059230001061,0.869,ok
474,47.30070170000545,1.431,ok
475,47.40036919998238,1.247,ok
476,47.500143499986734,1.134,ok
477,47.600605299987365,0.880,ok
478,47.70043520000763,1.537,ok
479,47.800617100001546,1.801,ok
480,47.90036719999625,1.033,ok
481,48.00064710000879,1.388,ok
482,48.10092269998859,1.275,ok
483,48.20027800000389,0.850,ok
484,48.300577199988766,1.133,ok
485,48.40027899999404,1.081,ok
486,48.5004520000075,1.140,ok
487,48.6002002999885,1.514,ok
488,48.70031369998469,1.348,ok
489,48.80021270000725,1.412,ok
490,48.90030330000445,0.916,ok
491,49.000241300003836,0.991,ok
492,49.10131339999498,0.891,ok
493,49.2002031999873,0.883,ok
494,49.30019939999329,1.079,ok
495,49.400239999988116,0.915,ok
496,49.50020149999182,0.898,ok
497,49.60066659998847,1.133,ok
498,49.70022269999026,1.034,ok
499,49.80021690001013,1.019,ok
500,49.90039120000438,0.937,ok
501,50.00044020000496,0.954,ok
502,50.100387399987085,1.191,ok
503,50.20039600000018,1.456,ok
504,50.300292400002945,1.311,ok
505,50.40065729999333,1.291,ok
506,50.500281399989035,1.300,ok
507,50.600182700000005,1.058,ok
508,50.70021899999119,1.260,ok
509,50.80017119998229,0.874,ok
510,50.90025740000419,1.023,ok
511,51.000260400003754,1.171,ok
512,51.10024060000433,1.400,ok
513,51.200306699989596,1.316,ok
514,51.300648100004764,1.162,ok
515,51.40048370001023,0.986,ok
516,51.50054189999355,0.939,ok
517,51.60056359998998,0.945,ok
518,51.70040780000272,1.142,ok
519,51.80021570000099,0.861,ok
520,51.90013999998337,1.331,ok
521,52.00064720000955,1.355,ok
522,52.1004879999964,1.175,ok
523,52.20020309998654,1.290,ok
524,52.300181300000986,1.206,ok
525,52.400537899986375,1.302,ok
526,52.500548000010895,0.877,ok
527,52.6004077999969,0.827,ok
528,52.700497099984204,0.913,ok
529,52.80045750000863,0.926,ok
530,52.90063389998977,1.014,ok
531,53.00039820000529,0.918,ok
532,53.10021229999256,0.868,ok
533,53.200236000004224,0.969,ok
534,53.30014300000039,0.903,ok
535,53.40025050000986,0.870,ok
536,53.50016599998344,1.353,ok
537,53.60056429999531,1.369,ok
538,53.700236000004224,1.351,ok
539,53.80054029999883,1.406,ok
540,53.90031209998415,1.215,ok
541,54.00034520000918,1.053,ok
542,54.100591900001746,1.053,ok
543,54.20027000000118,1.344,ok
544,54.30066439998336,1.468,ok
545,54.400543700001435,1.200,ok
546,54.50084520000382,1.163,ok
547,54.60018169999239,1.276,ok
548,54.70019139998476,1.511,ok
549,54.80074459998286,1.061,ok
550,54.90015040000435,1.118,ok
551,55.00056729998323,1.202,ok
552,55.10010399998282,0.852,ok
553,55.20022709999466,0.873,ok
554,55.30058939999435,1.485,ok
555,55.40048750001006,1.083,ok
556,55.500159799994435,0.901,ok
557,55.60023889999138,0.907,ok
558,55.70050859998446,1.026,ok
559,55.800356899999315,1.084,ok
560,55.90064770000754,1.100,ok
561,56.00024039999698,1.003,ok
562,56.10042559998692,1.048,ok
563,56.20049290001043,1.096,ok
564,56.30050799998571,1.262,ok
565,56.40066869999282,1.037,ok
566,56.500605399982305,0.969,ok
567,56.6004699000041,1.257,ok
568,56.70043810000061,1.035,ok
569,56.80056139998487,1.166,ok
570,56.900667300011264,1.107,ok
571,57.00051449998864,1.425,ok
572,57.10064069999498,1.070,ok
573,57.200396200001705,1.374,ok
574,57.30019020001055,1.096,ok
575,57.40024680001079,1.308,ok
576,57.500151699990965,1.596,ok
577,57.600502999994205,1.230,ok
578,57.701100200007204,1.307,ok
579,57.80041580001125,1.079,ok
580,57.90032349998364,1.089,ok
581,58.00035220000427,0.989,ok
582,58.10059879999608,1.038,ok
583,58.200453199999174,1.133,ok
584,58.300244999991264,1.416,ok
585,58.400234600005206,0.892,ok
586,58.50058669998543,1.074,ok
587,58.60029470000882,1.363,ok
588,58.70014999998966,1.449,ok
589,58.80386620000354,4.744,ok
590,58.90051750000566,1.423,ok
591,59.00027560000308,1.433,ok
592,59.10024709999561,1.094,ok
593,59.200388099998236,1.061,ok
594,59.300258200004464,1.325,ok
595,59.400176099996315,1.180,ok
596,59.50060470000608,1.098,ok
597,59.60055909998482,1.208,ok
598,59.70029800001066,1.138,ok
599,59.80022529998678,1.038,ok
600,59.90014769998379,1.021,ok
601,60.000509600009536,0.863,ok
602,60.10052710000309,1.191,ok
603,60.200364399992395,0.970,ok
604,60.30041920000804,0.904,ok
605,60.4004860999994,1.029,ok
606,60.500508099998115,0.960,ok
607,60.60016800000449,1.015,ok
608,60.700268699991284,1.031,ok
609,60.801628999994136,1.873,ok
610,60.90051279999898,1.006,ok
611,61.00056559999939,0.847,ok
612,61.10025039999164,0.909,ok
613,61.20033679998596,1.028,ok
614,61.30053109998698,7.182,ok
615,61.40018779999809,0.910,ok
616,61.50026229998912,0.918,ok
617,61.60024689999409,0.897,ok
618,61.70041089999722,1.071,ok
619,61.80043440000736,1.048,ok
620,61.900476100010565,1.110,ok
621,62.00029579998227,1.434,ok
622,62.100414199987426,1.049,ok
623,62.20023509999737,0.972,ok
624,62.3003364999895,1.289,ok
625,62.40054959998815,1.238,ok
626,62.500526099989656,1.282,ok
627,62.600763099995675,1.344,ok
628,62.70050999999512,1.221,ok
629,62.800602900009835,2.846,ok
630,62.90046679999796,1.406,ok
631,63.00031879998278,0.863,ok
632,63.100213199999416,1.242,ok
633,63.20019649999449,1.329,ok
634,63.30017579998821,0.906,ok
635,63.40891779999947,11.165,ok
636,63.50120929998229,0.845,ok
637,63.60020789998816,1.479,ok
638,63.700316700007534,1.312,ok
639,63.80037280000397,0.961,ok
640,63.90056039998308,1.243,ok
641,64.00038179999683,1.086,ok
642,64.10060089998296,0.886,ok
643,64.20045239999308,0.831,ok
644,64.30045169999357,0.832,ok
645,64.40023140000994,1.352,ok
646,64.50023499998497,0.933,ok
647,64.60045699999318,0.884,ok
648,64.70042039998225,0.858,ok
649,64.80011290000402,0.843,ok
650,64.90027059998829,0.954,ok
651,65.00012079998851,0.919,ok
652,65.10053150000749,0.782,ok
653,65.2003824999847,0.871,ok
654,65.30056010000408,0.949,ok
655,65.40054659999441,1.103,ok
656,65.50009139999747,0.727,ok
657,65.6002329000039,0.973,ok
658,65.70052990000113,0.800,ok
659,65.80046840000432,0.816,ok
660,65.90058499999577,0.852,ok
661,66.00060679999297,1.254,ok
662,66.10055040000589,0.819,ok
663,66.20052779998514,0.827,ok
664,66.30044510000153,0.986,ok
665,66.40013480000198,0.888,ok
666,66.50049909998779,0.909,ok
667,66.6006073000026,1.382,ok
668,66.70043900000746,0.800,ok
669,66.80015989998356,0.904,ok
670,66.90039049999905,0.903,ok
671,67.00045910000335,0.858,ok
672,67.10033099999418,1.123,ok
673,67.20022800000152,0.952,ok
674,67.30082209999091,0.985,ok
675,67.40067229999113,1.122,ok
676,67.50024669998675,0.886,ok
677,67.60033310001018,1.221,ok
678,67.70024139998714,0.896,ok
679,67.8001546000014,0.915,ok
680,67.90055560000474,0.920,ok
681,68.00018669999554,0.991,ok
682,68.10056039999472,0.866,ok
683,68.2002865000104,1.034,ok
684,68.30023449999862,0.888,ok
685,68.40053710000939,1.434,ok
686,68.50024600001052,1.110,ok
687,68.60037120000925,1.069,ok
688,68.70030599998427,1.251,ok
689,68.8004774999863,0.846,ok
690,68.90034279998508,1.176,ok
691,69.0006776000082,1.200,ok
692,69.10054889999446,0.873,ok
693,69.20041230000788,1.191,ok
694,69.30082830000902,1.403,ok
695,69.4004985000065,1.332,ok
696,69.50054839998484,1.100,ok
697,69.60023660000297,1.571,ok
698,69.70030520000728,1.298,ok
699,69.80029749998357,1.359,ok
700,69.90055839999695,1.016,ok
701,70.00053180000396,1.890,ok
702,70.10047070001019,0.757,ok
703,70.20050139998784,1.145,ok
704,70.30040680000093,0.710,ok
705,70.4004076999845,0.795,ok
706,70.50061079999432,1.038,ok
707,70.6007200999884,1.046,ok
708,70.70035549998283,1.340,ok
709,70.8002096999844,1.388,ok
710,70.9008659000101,1.110,ok
711,71.00022549999994,1.178,ok
712,71.10027769999579,1.027,ok
713,71.20066649999353,1.267,ok
714,71.3004837000044,1.203,ok
715,71.40055659998325,0.879,ok
716,71.50023380000493,1.379,ok
717,71.60072290000971,1.358,ok
718,71.70069490000606,1.303,ok
719,71.800164699991,1.208,ok
720,71.90076379998936,1.103,ok
721,72.00106419998338,1.148,ok
722,72.1005557999888,0.831,ok
723,72.20027339999797,1.197,ok
724,72.30068109999411,1.197,ok
725,72.40009469998768,0.863,ok
726,72.50043809998897,0.926,ok
727,72.60060509998584,1.402,ok
728,72.70102969999425,0.917,ok
729,72.8006572999875,0.933,ok
730,72.90043270000024,1.217,ok
731,73.00059199999669,1.210,ok
732,73.10049929999514,0.736,ok
733,73.20091749998392,1.274,ok
734,73.30036829999881,0.979,ok
735,73.40029019999201,0.895,ok
736,73.50051270000404,1.348,ok
737,73.60068889998365,1.241,ok
738,73.70040770000196,0.916,ok
739,73.80109239998274,0.895,ok
740,73.90056700000423,0.888,ok
741,74.00059899999178,1.321,ok
742,74.10011410000152,0.849,ok
743,74.20077379999566,1.216,ok
744,74.30068859999301,1.137,ok
745,74.40011620000587,0.885,ok
746,74.50020919999224,1.165,ok
747,74.60057909999159,1.110,ok
748,74.7001106000098,0.874,ok
749,74.80035730000236,1.309,ok
750,74.90096070000436,1.195,ok
751,75.00020819998463,0.975,ok
752,75.10016679999535,0.900,ok
753,75.2010023999901,0.793,ok
754,75.30031459999736,0.835,ok
755,75.40028440000606,0.789,ok
756,75.50046899999143,0.929,ok
757,75.60028779998538,0.944,ok
758,75.70053400000324,2.203,ok
759,75.80016479999176,0.872,ok
760,75.9003812999872,0.906,ok
761,76.00028269999893,0.822,ok
762,76.10029470000882,0.897,ok
763,76.20100349999848,0.940,ok
764,76.30052449999494,1.005,ok
765,76.40083440000308,0.857,ok
766,76.50047810000251,0.926,ok
767,76.60043359998963,0.801,ok
768,76.70040949998656,1.195,ok
769,76.80007110000588,1.175,ok
770,76.9003807999834,1.010,ok
771,77.00046280000242,1.299,ok
772,77.10050529998261,1.086,ok
773,77.20051369999419,1.251,ok
774,77.30036369999289,1.105,ok
775,77.40055689998553,1.084,ok
776,77.5005709999823,0.973,ok
777,77.60018609999679,0.853,ok
778,77.70043170001009,0.824,ok
779,77.80063549999613,0.852,ok
780,77.90029069999582,1.095,ok
781,78.00053279998247,0.861,ok
782,78.10014299998875,0.871,ok
783,78.2001323000004,1.097,ok
784,78.30030969998916,0.877,ok
785,78.4001212999865,0.939,ok
786,78.50080079998588,0.921,ok
787,78.60049350000918,0.902,ok
788,78.70012470000074,0.880,ok
789,78.80021600000327,1.293,ok
790,78.90039789999719,1.198,ok
791,79.00048190000234,0.873,ok
792,79.10047139998642,1.253,ok
793,79.20036970000365,1.172,ok
794,79.30048750000424,1.328,ok
795,79.40034339998965,0.944,ok
796,79.50015690000146,1.153,ok
797,79.6006897999905,0.949,ok
798,79.70029420001083,0.750,ok
799,79.80020949998288,1.123,ok
800,79.90041790000396,1.239,ok
801,80.00047920001089,0.809,ok
802,80.10028779998538,1.064,ok
803,80.20015409999178,0.875,ok
804,80.3000919999904,0.859,ok
805,80.40037190000294,1.126,ok
806,80.50054869998712,1.547,ok
807,80.60044989999733,0.950,ok
808,80.70024189999094,1.137,ok
809,80.8001809999987,1.267,ok
810,80.9009425000113,1.237,ok
811,81.00039909998304,1.874,ok
812,81.1003628000035,1.075,ok
813,81.20054049999453,1.097,ok
814,81.30061139998725,0.960,ok
815,81.40020830000867,0.843,ok
816,81.50027509999927,1.064,ok
817,81.60032440000214,1.069,ok
818,81.70060419998481,0.911,ok
819,81.80052789999172,0.748,ok
820,81.90046750000329,1.014,ok
821,82.00022769998759,0.860,ok
822,82.10022449999815,0.972,ok
823,82.20023059999221,0.927,ok
824,82.3002717999916,0.753,ok
825,82.40011449999292,1.187,ok
826,82.50063920000684,1.159,ok
827,82.60012839999399,1.099,ok
828,82.70023489999585,0.845,ok
829,82.80041470000288,0.955,ok
830,82.90041229999042,0.878,ok
831,83.00019570000586,0.782,ok
832,83.10026469998411,1.230,ok
833,83.20042609999655,0.873,ok
834,83.30028130000574,0.814,ok
835,83.40056270000059,1.055,ok
836,83.50016259998665,1.005,ok
837,83.60055800000555,0.852,ok
838,83.70035030000145,0.802,ok
839,83.80039709998528,0.965,ok
840,83.90036549998331,0.855,ok
841,84.00052370000049,0.945,ok
842,84.10013929998968,1.938,ok
843,84.20026919999509,0.906,ok
844,84.30012709999573,1.351,ok
845,84.40032409998821,0.974,ok
846,84.5000863999885,0.767,ok
847,84.60083579999628,1.352,ok
848,84.70047979999799,0.692,ok
849,84.80047719998402,0.898,ok
850,84.90051499998663,0.738,ok
851,85.00039470000775,1.175,ok
852,85.10059970000293,0.897,ok
853,85.20037949999096,0.909,ok
854,85.30045390001033,0.758,ok
855,85.40050849999534,1.248,ok
856,85.50033049998456,0.856,ok
857,85.6002104000072,0.868,ok
858,85.70090530000743,1.182,ok
859,85.80041120000533,0.992,ok
860,85.90047429999686,0.883,ok
861,86.00038929999573,1.068,ok
862,86.10016519998317,0.869,ok
863,86.20053919998463,1.000,ok
864,86.30040380000719,0.781,ok
865,86.40028410000377,1.447,ok
866,86.50111539999489,1.430,ok
867,86.6003112999897,0.782,ok
868,86.7006521000003,1.324,ok
869,86.80013879999751,1.125,ok
870,86.90023999998812,0.935,ok
871,87.00014439999359,1.382,ok
872,87.10064759998932,1.273,ok
873,87.20025940000778,0.749,ok
874,87.30088580001029,1.203,ok
875,87.40023309999378,1.011,ok
876,87.50025599999935,1.069,ok
877,87.60065219999524,1.347,ok
878,87.70062550000148,0.878,ok
879,87.80084680000436,1.199,ok
880,87.90020629999344,0.724,ok
881,88.0002766000107,1.287,ok
882,88.10012049999204,0.833,ok
883,88.20039869999164,0.811,ok
884,88.30022219999228,0.817,ok
885,88.40071499999613,0.976,ok
886,88.50020660000155,0.907,ok
887,88.60017809999408,0.885,ok
888,88.7002283000038,0.899,ok
889,88.80026039999211,1.247,ok
890,88.90056750000804,0.702,ok
891,89.00048650000826,0.885,ok
892,89.10060430000885,1.113,ok
893,89.20042589999503,0.895,ok
894,89.3009338999982,1.241,ok
895,89.40052910000668,0.951,ok
896,89.50046350000775,0.840,ok
897,89.60060139998677,1.354,ok
898,89.70025429999805,0.847,ok
899,89.80069060000824,1.080,ok
900,89.9004297000065,0.786,ok
