window_start_s,window_end_s,phase,loss_rate,median_rtt_ms,jitter_ms
0.0,5.0,baseline,0.0000,1.061,0.346
5.0,10.0,baseline,0.0000,1.038,0.202
10.0,15.0,baseline,0.0000,1.084,0.157
15.0,20.0,baseline,0.0000,1.060,0.168
20.0,25.0,impairment,0.0000,101.897,15.316
25.0,30.0,impairment,0.0000,103.003,5.389
30.0,35.0,impairment,0.0000,101.283,5.150
35.0,40.0,impairment,0.0000,104.827,5.924
40.0,45.0,recovery,0.0000,1.021,15.356
45.0,50.0,recovery,0.0000,1.127,0.183
50.0,55.0,recovery,0.0000,1.022,0.192
55.0,60.0,recovery,0.0000,1.098,0.165
60.0,65.0,recovery,0.0000,1.024,0.150
65.0,70.0,recovery,0.0000,1.042,0.183
70.0,75.0,recovery,0.0000,0.955,0.187
75.0,80.0,recovery,0.0000,0.998,0.184
80.0,85.0,recovery,0.0000,1.079,0.176
85.0,90.0,recovery,0.0000,0.956,0.171
